{
    "n_estimators": [100, 200, 300, 400, 500, 600, 700, 800, 900],
    "learning_rate": [0.01, 0.07666666666666666, 0.14333333333333334, 0.21, 0.27666666666666667, 0.3433333333333333, 0.41, 0.4766666666666667, 0.5433333333333333, 0.61],
    "max_depth": [3, 4, 5, 6, 7, 8, 9],
    "colsample_bytree": [0.5, 0.6, 0.7, 0.8, 0.9],
    "subsample": [0.5, 0.6, 0.7, 0.8, 0.9]
}

